[{"num_factors": 91}, {"num_factors": 135}, {"num_factors": 237}, {"num_factors": 253}, {"num_factors": 50}, {"num_factors": 18}, {"num_factors": 17}, {"num_factors": 11}, {"num_factors": 255}, {"num_factors": 201}, {"num_factors": 11}, {"num_factors": 93}, {"num_factors": 174}, {"num_factors": 136}, {"num_factors": 341}, {"num_factors": 24}, {"num_factors": 4}, {"num_factors": 40}, {"num_factors": 62}, {"num_factors": 109}, {"num_factors": 33}, {"num_factors": 297}, {"num_factors": 73}, {"num_factors": 319}, {"num_factors": 276}, {"num_factors": 45}, {"num_factors": 156}, {"num_factors": 9}, {"num_factors": 21}, {"num_factors": 121}, {"num_factors": 219}, {"num_factors": 56}, {"num_factors": 187}, {"num_factors": 101}, {"num_factors": 29}, {"num_factors": 350}, {"num_factors": 81}, {"num_factors": 165}, {"num_factors": 12}, {"num_factors": 13}, {"num_factors": 37}, {"num_factors": 67}, {"num_factors": 147}, {"num_factors": 12}, {"num_factors": 12}, {"num_factors": 12}, {"num_factors": 12}, {"num_factors": 12}, {"num_factors": 12}, {"num_factors": 12}]